{"cameraMode":{"drawMode":0,"name":"Shaded","section":"Shading Mode"},"sceneLighting":false,"audioPlay":false,"sceneViewState":{"m_AlwaysRefresh":false,"showFog":true,"showSkybox":true,"showFlares":true,"showImageEffects":true,"showParticleSystems":true,"showVisualEffectGraphs":true,"m_FxEnabled":false},"in2DMode":false,"pivot":{"x":240.58261108398438,"y":-11.396740913391114,"z":-401.22442626953127},"rotation":{"x":-0.003334870794788003,"y":-0.9777498245239258,"z":0.015544372610747815,"w":-0.20930732786655427},"size":224.68528747558595,"orthographic":false}